1,Norby,Ashbe,nashbe0@oracle.com,Male,110.204.150.49
2,Abbey,Josefovic,ajosefovic1@mac.com,Male,200.115.17.50
3,Boniface,Jeckell,bjeckell2@nationalgeographic.com,Male,15.199.203.236
4,Wells,Brunotti,wbrunotti3@smugmug.com,Male,150.254.221.233
5,Fonsie,Diggell,fdiggell4@kickstarter.com,Male,37.113.70.36
6,Junie,Kleinfeld,jkleinfeld5@multiply.com,Female,2.201.83.33
7,Haven,Sainsbury-Brown,hsainsburybrown6@sphinn.com,Male,174.106.4.14
8,Gardy,Iveagh,giveagh7@rambler.ru,Male,33.222.193.231
9,Rube,Ibbetson,ribbetson8@unc.edu,Male,234.118.116.242
10,Bartolomeo,Sundin,bsundin9@mapy.cz,Male,116.60.168.183
11,Reamonn,Buss,rbussa@illinois.edu,Male,61.81.218.87
12,Denis,Hubbert,dhubbertb@seattletimes.com,Male,176.15.4.176
13,Audrie,Stolle,astollec@xinhuanet.com,Female,252.172.209.147
14,Candis,Luckie,cluckied@squidoo.com,Female,110.161.81.43
15,Artemus,Erskine Sandys,aerskinesandyse@ezinearticles.com,Male,170.88.15.221
16,Trevar,Deverall,tdeverallf@mashable.com,Male,201.72.168.25
17,Griffie,Awdry,gawdryg@cafepress.com,Male,156.210.110.222
18,Rem,Casari,rcasarih@flickr.com,Male,198.172.234.37
19,Abie,Browell,abrowelli@miitbeian.gov.cn,Male,174.64.116.76
20,Ariel,Champkin,achampkinj@photobucket.com,Female,96.243.191.75
21,Ade,McShirie,amcshiriek@weather.com,Male,209.61.6.186
22,Dorelle,Schankel,dschankell@europa.eu,Female,189.237.188.37
23,Rosina,Morl,rmorlm@naver.com,Female,106.166.28.121
24,Zora,Assur,zassurn@feedburner.com,Female,51.219.132.115
25,Trueman,Moralas,tmoralaso@berkeley.edu,Male,226.183.198.153
26,Ryley,Degoey,rdegoeyp@scribd.com,Male,228.71.45.41
27,Muriel,Romme,mrommeq@angelfire.com,Female,216.82.157.38
28,Sibyl,Leil,sleilr@symantec.com,Male,132.239.231.194
29,Cleavland,Seabon,cseabons@weather.com,Male,10.43.137.129
30,Corinne,Speechly,cspeechlyt@reverbnation.com,Female,126.34.101.67
31,Xylia,Batting,xbattingu@51.la,Female,190.79.137.103
32,Lottie,Anthonsen,lanthonsenv@indiegogo.com,Female,70.161.237.202
33,Yevette,Celler,ycellerw@netlog.com,Female,41.3.199.249
34,Cleopatra,Comberbeach,ccomberbeachx@harvard.edu,Female,204.19.198.89
35,Rabbi,Florez,rflorezy@nydailynews.com,Male,59.26.232.199
36,Nollie,Dunstone,ndunstonez@mac.com,Male,156.236.113.72
37,Ad,Plampin,aplampin10@jimdo.com,Male,7.253.89.82
38,Verena,Elves,velves11@wufoo.com,Female,212.98.143.245
39,Spike,Lenaghen,slenaghen12@smh.com.au,Male,24.67.106.142
40,Hobey,Becom,hbecom13@last.fm,Male,141.169.134.37
41,Aurelea,Coultass,acoultass14@arstechnica.com,Female,136.228.71.70
42,Malory,Gowanlock,mgowanlock15@twitpic.com,Female,102.158.183.70
43,Gillan,Fretson,gfretson16@dagondesign.com,Female,97.196.92.1
44,Carlina,Ream,cream17@go.com,Female,34.144.124.88
45,Erastus,Roistone,eroistone18@tuttocitta.it,Male,222.178.93.175
46,Ricky,Yallowley,ryallowley19@seattletimes.com,Male,24.78.97.98
47,Eimile,Peperell,epeperell1a@github.io,Female,229.201.17.12
48,Giraldo,Loakes,gloakes1b@yahoo.com,Male,36.53.28.37
49,Janey,Dowthwaite,jdowthwaite1c@bloomberg.com,Female,119.92.216.47
50,Taryn,Kern,tkern1d@github.io,Female,84.67.171.164
51,Olly,Philippou,ophilippou1e@phoca.cz,Male,46.27.23.224
52,Jena,Bryden,jbryden1f@bluehost.com,Female,101.219.89.158
53,Marice,Anney,manney1g@delicious.com,Female,32.203.248.136
54,Raquela,Stanmer,rstanmer1h@webmd.com,Female,170.142.226.188
55,Annamaria,Fisbey,afisbey1i@1und1.de,Female,42.164.97.85
56,Jonas,Lorant,jlorant1j@harvard.edu,Male,161.76.152.200
57,Alvera,Bayston,abayston1k@businesswire.com,Female,125.198.121.45
58,Lucinda,Dumke,ldumke1l@google.com.hk,Female,222.6.191.19
59,Mohandis,Talby,mtalby1m@webeden.co.uk,Male,183.248.22.34
60,Aline,Coode,acoode1n@squarespace.com,Female,38.227.227.233
61,Thatcher,Liggens,tliggens1o@nasa.gov,Male,69.63.127.127
62,Denise,Ikins,dikins1p@ft.com,Female,88.155.162.119
63,Ilario,Gaymar,igaymar1q@furl.net,Male,186.185.247.10
64,Ossie,Duxbarry,oduxbarry1r@unc.edu,Male,155.51.141.28
65,Sidoney,Jurisic,sjurisic1s@nifty.com,Female,166.71.8.253
66,Ophelie,Birney,obirney1t@symantec.com,Female,135.7.128.0
67,Gerik,Lyptratt,glyptratt1u@cisco.com,Male,71.43.144.231
68,Harv,Kobierra,hkobierra1v@sitemeter.com,Male,117.141.197.43
69,Melisa,Chaikovski,mchaikovski1w@illinois.edu,Female,44.202.191.176
70,Cale,Mousby,cmousby1x@salon.com,Male,128.205.244.112
71,Rip,Flemyng,rflemyng1y@irs.gov,Male,14.77.140.206
72,Michal,Heartfield,mheartfield1z@wp.com,Male,240.106.86.231
73,Kory,Gallaccio,kgallaccio20@wiley.com,Male,54.198.170.87
74,Nikkie,Haymes,nhaymes21@ocn.ne.jp,Female,187.33.40.243
75,Elwira,Musgrove,emusgrove22@biblegateway.com,Female,31.28.232.81
76,Cybil,Roostan,croostan23@google.com.hk,Female,67.66.33.90
77,Ailina,Eastmond,aeastmond24@apache.org,Female,98.181.186.216
78,Lillis,Counter,lcounter25@myspace.com,Female,152.128.254.46
79,Lambert,Beaglehole,lbeaglehole26@berkeley.edu,Male,189.98.113.78
80,Teodoro,Connew,tconnew27@youtube.com,Male,250.148.185.220
81,Jillene,Sailor,jsailor28@simplemachines.org,Female,245.97.245.204
82,Cammi,Normanville,cnormanville29@wunderground.com,Female,117.174.28.141
83,Mellisa,Brideoke,mbrideoke2a@scientificamerican.com,Female,173.238.231.98
84,Maximilian,Bernhard,mbernhard2b@symantec.com,Male,164.121.122.76
85,Tyrus,Leatt,tleatt2c@friendfeed.com,Male,143.248.123.126
86,Aldin,Santus,asantus2d@edublogs.org,Male,142.248.229.16
87,Carlyle,Avramov,cavramov2e@cmu.edu,Male,255.100.206.144
88,Garey,McCorrie,gmccorrie2f@slate.com,Male,116.196.170.107
89,Waring,Cristofor,wcristofor2g@hatena.ne.jp,Male,215.58.247.94
90,Stacia,Crichton,scrichton2h@reuters.com,Female,221.137.94.91
91,Vevay,Londors,vlondors2i@jiathis.com,Female,102.41.168.27
92,Denni,Dow,ddow2j@altervista.org,Female,72.195.154.159
93,Kristo,Derges,kderges2k@independent.co.uk,Male,88.147.69.243
94,Thea,Filyashin,tfilyashin2l@taobao.com,Female,244.18.161.119
95,Cindie,Mordacai,cmordacai2m@epa.gov,Female,207.250.176.102
96,Roselin,Anderer,randerer2n@instagram.com,Female,235.148.138.173
97,Franklin,Batchelar,fbatchelar2o@artisteer.com,Male,8.105.24.100
98,Wendel,Stickler,wstickler2p@mac.com,Male,159.126.49.191
99,Ginnifer,Blaxall,gblaxall2q@tinypic.com,Female,229.236.225.162
100,Nan,O'Rafferty,norafferty2r@disqus.com,Female,110.95.50.91
101,Ninon,Lowseley,nlowseley2s@unesco.org,Female,210.37.127.67
102,Clarita,Goodspeed,cgoodspeed2t@csmonitor.com,Female,122.113.118.85
103,Justis,Burthom,jburthom2u@cafepress.com,Male,171.194.192.4
104,Antone,Battershall,abattershall2v@sbwire.com,Male,32.207.114.180
105,Renae,Sivill,rsivill2w@domainmarket.com,Female,248.56.114.14
106,Gibbie,Clewett,gclewett2x@wisc.edu,Male,143.30.170.221
107,Lock,Schieferstein,lschieferstein2y@mozilla.org,Male,195.158.27.235
108,Rodney,Kalb,rkalb2z@deliciousdays.com,Male,104.183.142.90
109,Filmer,Lammerding,flammerding30@mtv.com,Male,119.139.183.52
110,Valentia,Hardinge,vhardinge31@creativecommons.org,Female,23.235.171.30
111,Kain,Mapp,kmapp32@hud.gov,Male,102.73.185.147
112,Harper,Hesser,hhesser33@e-recht24.de,Male,148.249.3.160
113,Delmore,Shakshaft,dshakshaft34@phoca.cz,Male,189.83.29.89
114,Rosalynd,Bagehot,rbagehot35@mysql.com,Female,75.48.162.154
115,Laurence,Orts,lorts36@flavors.me,Male,202.164.160.13
116,Kalil,Eagleston,keagleston37@w3.org,Male,132.231.15.209
117,Annadiane,Tytherton,atytherton38@weibo.com,Female,24.54.229.229
118,Hasty,Simonelli,hsimonelli39@arstechnica.com,Male,138.179.220.252
119,Gan,Sleany,gsleany3a@issuu.com,Male,154.247.239.166
120,Carmelia,Neaves,cneaves3b@github.io,Female,245.122.139.86
121,Erie,Staveley,estaveley3c@examiner.com,Male,173.171.59.253
122,Friederike,Peeters,fpeeters3d@vk.com,Female,194.99.67.168
123,Abran,Grossman,agrossman3e@hc360.com,Male,165.91.149.135
124,Ezechiel,Dangl,edangl3f@newyorker.com,Male,46.113.120.101
125,Concordia,Martinek,cmartinek3g@reference.com,Female,78.48.224.21
126,Alidia,Saldler,asaldler3h@scientificamerican.com,Female,69.78.35.64
127,Angel,Dresche,adresche3i@infoseek.co.jp,Male,109.244.146.208
128,Caldwell,Dicte,cdicte3j@barnesandnoble.com,Male,75.137.176.168
129,Evangelina,Salomon,esalomon3k@hud.gov,Female,236.191.22.89
130,Thorny,Labram,tlabram3l@mediafire.com,Male,83.240.81.137
131,Fiann,Ausher,fausher3m@globo.com,Female,156.63.150.64
132,Tova,Blowen,tblowen3n@mapy.cz,Female,163.147.115.4
133,Susie,Stonebanks,sstonebanks3o@home.pl,Female,2.44.41.156
134,Whitney,Crellim,wcrellim3p@umn.edu,Male,154.149.157.148
135,Umeko,O' Hogan,uohogan3q@purevolume.com,Female,47.84.7.19
136,Monroe,Jorat,mjorat3r@hibu.com,Male,125.45.217.49
137,Dorelle,Cock,dcock3s@nbcnews.com,Female,122.149.98.119
138,Thorn,Cadlock,tcadlock3t@twitpic.com,Male,167.252.223.207
139,Corinne,Kibblewhite,ckibblewhite3u@gravatar.com,Female,118.178.123.218
140,Adler,Blethyn,ablethyn3v@ameblo.jp,Male,209.41.176.53
141,Anabelle,Lorent,alorent3w@sina.com.cn,Female,156.209.4.102
142,Gabi,Nodes,gnodes3x@lulu.com,Female,45.177.39.127
143,Norry,Steels,nsteels3y@nyu.edu,Female,102.186.207.154
144,Idalina,Crosier,icrosier3z@51.la,Female,224.181.11.88
145,Molly,Bonifazio,mbonifazio40@apple.com,Female,137.150.11.189
146,Linnell,Tallquist,ltallquist41@liveinternet.ru,Female,44.17.165.216
147,Aime,Basset,abasset42@wired.com,Female,139.71.77.110
148,Kayne,Halesworth,khalesworth43@cafepress.com,Male,163.20.63.192
149,Borg,Garlick,bgarlick44@icio.us,Male,148.199.0.115
150,Theodore,Ivanchenkov,tivanchenkov45@prlog.org,Male,238.217.24.253
151,Herminia,Elster,helster46@kickstarter.com,Female,28.249.153.5
152,Erhard,Vincent,evincent47@joomla.org,Male,21.121.191.210
153,Dilan,Grabiec,dgrabiec48@canalblog.com,Male,67.64.197.27
154,Brade,Darcy,bdarcy49@oaic.gov.au,Male,74.77.3.169
155,Lissy,McGreary,lmcgreary4a@illinois.edu,Female,205.2.93.18
156,Tamas,Langthorn,tlangthorn4b@123-reg.co.uk,Male,39.214.44.33
157,Farrel,Force,fforce4c@cnbc.com,Male,197.140.227.12
158,Winifred,Clarycott,wclarycott4d@buzzfeed.com,Female,238.228.222.53
159,Barbra,Vincent,bvincent4e@imageshack.us,Female,4.19.59.118
160,Sheff,Pyford,spyford4f@craigslist.org,Male,223.79.140.13
161,Gerald,Allnatt,gallnatt4g@sfgate.com,Male,96.16.117.94
162,Rollins,Weinmann,rweinmann4h@senate.gov,Male,187.101.96.131
163,Lawton,Pocke,lpocke4i@nasa.gov,Male,63.203.62.196
164,Nap,Nemchinov,nnemchinov4j@latimes.com,Male,107.40.248.22
165,Alford,Bolino,abolino4k@jugem.jp,Male,187.92.73.52
166,Delmore,Lindl,dlindl4l@istockphoto.com,Male,117.32.231.145
167,Shandra,Oxton,soxton4m@wordpress.org,Female,185.225.228.4
168,Hubie,Boik,hboik4n@networkadvertising.org,Male,35.89.240.58
169,Catarina,Loughead,cloughead4o@bloglines.com,Female,224.15.7.98
170,Tresa,Keyworth,tkeyworth4p@dropbox.com,Female,173.108.172.130
171,Eugenio,Perroni,eperroni4q@furl.net,Male,177.153.236.70
172,Nappie,Gotcher,ngotcher4r@patch.com,Male,122.155.101.109
173,Leanora,Shepeard,lshepeard4s@google.com,Female,74.86.104.154
174,Paco,Lynam,plynam4t@virginia.edu,Male,118.19.91.15
175,Cirillo,Haugg,chaugg4u@photobucket.com,Male,210.20.136.124
176,Travus,Course,tcourse4v@123-reg.co.uk,Male,35.193.236.111
177,Norbie,Le Claire,nleclaire4w@newsvine.com,Male,64.170.254.50
178,Whitman,Gleder,wgleder4x@wunderground.com,Male,250.197.246.253
179,Christy,Balffye,cbalffye4y@wp.com,Female,41.45.71.135
180,Nerte,Wakenshaw,nwakenshaw4z@discuz.net,Female,74.173.219.205
181,Ruddy,Bemlott,rbemlott50@cornell.edu,Male,146.169.247.114
182,Waverly,Childe,wchilde51@lulu.com,Male,78.219.231.13
183,Hannis,Swyne,hswyne52@ftc.gov,Female,198.68.98.119
184,Robbie,Hazelhurst,rhazelhurst53@ask.com,Male,218.71.67.15
185,Dorthy,Rupel,drupel54@livejournal.com,Female,89.197.163.54
186,Bonnie,Ouldred,bouldred55@noaa.gov,Female,251.120.154.150
187,June,Brunroth,jbrunroth56@hatena.ne.jp,Female,165.213.90.54
188,Kyla,Cowl,kcowl57@yellowbook.com,Female,124.172.130.115
189,Rozella,Elliman,relliman58@nhs.uk,Female,4.27.85.240
190,Morgen,Iozefovich,miozefovich59@kickstarter.com,Female,236.241.106.230
191,Rozamond,Zimek,rzimek5a@marketwatch.com,Female,206.14.244.240
192,Quinta,Hulance,qhulance5b@edublogs.org,Female,252.98.74.87
193,Bell,Slixby,bslixby5c@upenn.edu,Female,160.46.222.226
194,Mala,Pauler,mpauler5d@sciencedaily.com,Female,83.108.47.35
195,Randall,Hildred,rhildred5e@slashdot.org,Male,43.245.25.246
196,Emlynn,Sparwell,esparwell5f@uiuc.edu,Female,126.175.28.213
197,Douglas,Ablott,dablott5g@ted.com,Male,143.128.166.79
198,Monte,Hallwood,mhallwood5h@cloudflare.com,Male,143.209.181.41
199,Gilbert,Pettigree,gpettigree5i@sun.com,Male,134.235.97.214
200,Wilona,Yarham,wyarham5j@addthis.com,Female,150.167.147.183
201,Ollie,Bumfrey,obumfrey5k@imdb.com,Male,186.97.41.183
202,Sayers,Bendare,sbendare5l@usda.gov,Male,217.126.22.149
203,Sherie,Burdoun,sburdoun5m@dell.com,Female,205.84.16.233
204,Amalita,Reiners,areiners5n@who.int,Female,21.46.171.73
205,Shena,Feldmann,sfeldmann5o@yale.edu,Female,114.15.224.73
206,Vitoria,Utting,vutting5p@sogou.com,Female,213.94.249.243
207,Lani,Vedyashkin,lvedyashkin5q@de.vu,Female,33.10.103.137
208,Timmie,MacFadzean,tmacfadzean5r@indiatimes.com,Male,166.230.88.117
209,Guillermo,Walaron,gwalaron5s@narod.ru,Male,142.118.0.11
210,Niki,McAirt,nmcairt5t@tiny.cc,Male,60.72.242.179
211,Zorana,Hows,zhows5u@gizmodo.com,Female,61.140.57.0
212,Brynne,Webb-Bowen,bwebbbowen5v@1688.com,Female,111.79.172.168
213,Shari,Zannutti,szannutti5w@unicef.org,Female,122.163.20.44
214,Albie,Hammelberg,ahammelberg5x@youku.com,Male,135.127.16.39
215,Doreen,Iacovides,diacovides5y@instagram.com,Female,88.25.195.16
216,Carlyn,Breach,cbreach5z@vistaprint.com,Female,205.103.117.62
217,Kennan,McKomb,kmckomb60@yolasite.com,Male,55.224.78.145
218,Tracy,Dowson,tdowson61@foxnews.com,Male,70.21.6.95
219,Lisabeth,Gilsthorpe,lgilsthorpe62@barnesandnoble.com,Female,255.109.165.244
220,Neal,Glaister,nglaister63@prweb.com,Male,115.111.216.67
221,Natal,Clouter,nclouter64@mayoclinic.com,Male,191.35.134.126
222,Devonna,Siviour,dsiviour65@e-recht24.de,Female,251.209.106.197
223,Kerstin,Simchenko,ksimchenko66@jimdo.com,Female,176.113.244.226
224,Erwin,Evered,eevered67@bloglovin.com,Male,18.199.243.4
225,Adriena,Cathersides,acathersides68@msn.com,Female,221.183.251.64
226,Kevan,Gligoraci,kgligoraci69@techcrunch.com,Male,110.0.121.203
227,Hildy,MacGorrie,hmacgorrie6a@woothemes.com,Female,57.4.233.64
228,Dru,Binnell,dbinnell6b@army.mil,Male,246.96.180.46
229,Joleen,Crow,jcrow6c@163.com,Female,14.154.43.245
230,Angy,Bythway,abythway6d@hc360.com,Female,86.229.83.219
231,Hayley,Loram,hloram6e@rediff.com,Female,213.15.145.221
232,Clay,Ivanchin,civanchin6f@jigsy.com,Male,18.214.130.65
233,Derron,Manthroppe,dmanthroppe6g@gmpg.org,Male,169.201.201.188
234,Dannie,Hanlon,dhanlon6h@i2i.jp,Female,111.165.120.0
235,Tammara,Chinery,tchinery6i@columbia.edu,Female,122.66.193.24
236,Twyla,Keynd,tkeynd6j@digg.com,Female,18.83.131.170
237,Shirley,Robertet,srobertet6k@cisco.com,Female,130.154.178.168
238,Roxana,Steptoe,rsteptoe6l@amazonaws.com,Female,122.42.50.222
239,Robinet,Edy,redy6m@yellowpages.com,Male,22.131.67.129
240,Sisile,Burmingham,sburmingham6n@gov.uk,Female,66.155.164.153
241,Gib,Tither,gtither6o@bravesites.com,Male,175.165.62.85
242,Henderson,Canelas,hcanelas6p@yolasite.com,Male,205.251.125.216
243,Lita,Gomersal,lgomersal6q@wikispaces.com,Female,243.206.203.45
244,Aube,Janse,ajanse6r@cbc.ca,Male,101.69.116.129
245,Caria,Dewbury,cdewbury6s@harvard.edu,Female,16.143.214.97
246,Elsy,MacConnulty,emacconnulty6t@networkadvertising.org,Female,9.191.72.161
247,Ephraim,Mellor,emellor6u@toplist.cz,Male,17.165.122.189
248,Tana,Vondruska,tvondruska6v@ycombinator.com,Female,64.158.244.134
249,Darci,Deniske,ddeniske6w@domainmarket.com,Female,154.229.243.181
250,Tobias,Artus,tartus6x@boston.com,Male,132.202.43.142
251,Georgi,Beau,gbeau6y@adobe.com,Male,40.226.31.74
252,Janeva,Mucklestone,jmucklestone6z@people.com.cn,Female,249.107.75.137
253,Tedra,Franzoli,tfranzoli70@japanpost.jp,Female,107.80.23.127
254,Aleta,Dudney,adudney71@lycos.com,Female,201.198.238.153
255,Hammad,Negri,hnegri72@hugedomains.com,Male,73.184.59.194
256,Adria,Alelsandrowicz,aalelsandrowicz73@mac.com,Female,112.100.219.244
257,Gorden,Kittle,gkittle74@tiny.cc,Male,211.204.151.214
258,Paxon,Jilliss,pjilliss75@state.gov,Male,95.126.201.172
259,Bel,Castaneda,bcastaneda76@geocities.jp,Female,237.90.30.20
260,Vanya,Blain,vblain77@nsw.gov.au,Female,109.192.128.184
261,Bren,Basant,bbasant78@hc360.com,Male,243.113.58.240
262,Reagen,Heindl,rheindl79@cocolog-nifty.com,Male,59.18.65.125
263,Rasia,Sabathier,rsabathier7a@webeden.co.uk,Female,160.218.70.254
264,Jozef,Bilston,jbilston7b@chronoengine.com,Male,12.161.62.114
265,Alexandre,Slight,aslight7c@ebay.co.uk,Male,133.125.130.193
266,Mike,Ghidini,mghidini7d@constantcontact.com,Male,242.126.212.203
267,Salaidh,Morehall,smorehall7e@hao123.com,Female,223.9.145.125
268,Elena,Bispham,ebispham7f@example.com,Female,68.9.228.205
269,Jameson,Benninck,jbenninck7g@amazon.co.jp,Male,242.238.60.126
270,Cassondra,Barnett,cbarnett7h@pen.io,Female,172.136.92.198
271,Cleo,Riggott,criggott7i@joomla.org,Female,165.73.69.194
272,Corina,Newsham,cnewsham7j@goodreads.com,Female,1.62.33.60
273,Duane,Beedell,dbeedell7k@harvard.edu,Male,70.157.82.90
274,Aurea,Kennea,akennea7l@jugem.jp,Female,105.45.219.174
275,Marietta,Lawrence,mlawrence7m@sourceforge.net,Female,45.172.222.77
276,Elana,Marfield,emarfield7n@youtube.com,Female,181.131.23.110
277,Remington,Cassell,rcassell7o@blogs.com,Male,220.165.253.218
278,Cordie,Ludewig,cludewig7p@fda.gov,Male,85.195.240.120
279,Jacintha,Turpey,jturpey7q@nationalgeographic.com,Female,43.20.205.43
280,Donnie,Swafield,dswafield7r@webs.com,Male,63.9.69.147
281,Faulkner,Poundsford,fpoundsford7s@artisteer.com,Male,251.245.61.255
282,Micheline,Waterfield,mwaterfield7t@netlog.com,Female,206.126.77.79
283,Perl,Dowbakin,pdowbakin7u@java.com,Female,177.108.147.12
284,Marilyn,Billborough,mbillborough7v@wunderground.com,Female,37.6.253.189
285,Paulie,Cossey,pcossey7w@archive.org,Female,80.131.182.155
286,Martie,Lindblad,mlindblad7x@admin.ch,Female,140.208.68.81
287,Ulrika,Sheldrick,usheldrick7y@examiner.com,Female,179.55.132.209
288,Tamra,Greenhalf,tgreenhalf7z@imageshack.us,Female,160.36.157.234
289,Jess,Sellar,jsellar80@creativecommons.org,Female,92.250.166.159
290,Donaugh,Vernall,dvernall81@slideshare.net,Male,67.12.113.235
291,Darb,Dwelling,ddwelling82@economist.com,Male,130.199.82.130
292,Fidel,Hadlington,fhadlington83@sitemeter.com,Male,42.140.114.253
293,Fidelio,Raeside,fraeside84@woothemes.com,Male,89.184.103.36
294,Gard,Iapico,giapico85@examiner.com,Male,57.88.204.108
295,Travus,Salkild,tsalkild86@live.com,Male,150.109.120.239
296,Viviana,Moneypenny,vmoneypenny87@eventbrite.com,Female,141.233.241.248
297,Marja,Comberbach,mcomberbach88@dagondesign.com,Female,216.15.132.243
298,Brandon,Riply,briply89@unicef.org,Male,4.185.122.229
299,Webster,Ludovici,wludovici8a@state.tx.us,Male,205.59.16.6
300,Gladys,Slixby,gslixby8b@jugem.jp,Female,70.166.164.126
301,Dulce,Janisson,djanisson8c@vistaprint.com,Female,174.136.184.36
302,Humfried,Czaple,hczaple8d@mashable.com,Male,242.158.105.155
303,Jedd,Bushell,jbushell8e@army.mil,Male,54.241.222.155
304,Ronica,McKnish,rmcknish8f@timesonline.co.uk,Female,159.187.65.63
305,Rosemarie,Dumbarton,rdumbarton8g@wix.com,Female,44.65.191.225
306,Aurore,Hould,ahould8h@hud.gov,Female,71.169.238.252
307,Sondra,Chestle,schestle8i@geocities.com,Female,248.242.233.69
308,Madelin,Ishaki,mishaki8j@geocities.com,Female,4.213.124.78
309,Allyce,Hefforde,ahefforde8k@imgur.com,Female,67.248.60.195
310,Betteanne,Marmyon,bmarmyon8l@technorati.com,Female,79.2.173.231
311,Robby,Attenborough,rattenborough8m@state.gov,Male,250.181.202.210
312,Phaedra,Cotes,pcotes8n@cyberchimps.com,Female,83.113.5.181
313,Eleonore,Clouston,eclouston8o@bandcamp.com,Female,205.28.111.21
314,Gail,Pilger,gpilger8p@utexas.edu,Male,241.142.71.153
315,Raymund,Bubbins,rbubbins8q@deviantart.com,Male,120.20.218.44
316,Griz,Gilkison,ggilkison8r@hc360.com,Male,255.241.218.38
317,Sunny,McCard,smccard8s@mtv.com,Female,58.68.125.58
318,Bennie,Aysik,baysik8t@amazonaws.com,Male,71.131.219.37
319,Cesar,Purchall,cpurchall8u@mlb.com,Male,158.187.200.131
320,Lyn,Tellwright,ltellwright8v@odnoklassniki.ru,Female,208.75.56.41
321,Romola,Sewall,rsewall8w@etsy.com,Female,201.45.143.156
322,Glenine,Eastman,geastman8x@sitemeter.com,Female,223.17.12.54
323,Lemmy,Oxtiby,loxtiby8y@mayoclinic.com,Male,167.100.137.197
324,Desmond,Eves,deves8z@yale.edu,Male,82.160.221.213
325,Nertie,Poate,npoate90@joomla.org,Female,141.35.83.224
326,Zarla,Ginni,zginni91@noaa.gov,Female,251.255.239.26
327,Thatcher,Dorrington,tdorrington92@google.es,Male,214.58.123.174
328,Angelika,Yarnold,ayarnold93@skyrock.com,Female,70.98.29.32
329,Kailey,Gero,kgero94@4shared.com,Female,45.233.124.216
330,Florri,Farden,ffarden95@freewebs.com,Female,234.37.117.215
331,Kippie,Luce,kluce96@miibeian.gov.cn,Male,254.148.190.121
332,Hewe,Langstone,hlangstone97@google.nl,Male,76.187.206.39
333,Chauncey,Jarmyn,cjarmyn98@altervista.org,Male,132.202.215.226
334,Raff,Pencot,rpencot99@bandcamp.com,Male,160.218.78.158
335,Maxie,Brigg,mbrigg9a@a8.net,Female,233.127.196.195
336,Baldwin,Brick,bbrick9b@umn.edu,Male,53.210.80.135
337,Rayshell,Itzkovwich,ritzkovwich9c@desdev.cn,Female,32.56.13.72
338,Rustie,Phelip,rphelip9d@reddit.com,Male,12.231.60.47
339,Marcos,Dunne,mdunne9e@merriam-webster.com,Male,188.245.225.161
340,Tally,Bonellie,tbonellie9f@webmd.com,Female,185.39.46.70
341,Cirstoforo,Sinnat,csinnat9g@netvibes.com,Male,147.17.116.212
342,Petra,Jorger,pjorger9h@scribd.com,Female,179.30.162.70
343,Corby,Dowd,cdowd9i@nbcnews.com,Male,126.92.3.223
344,Samantha,Petican,spetican9j@umn.edu,Female,254.143.92.104
345,Teodor,Jirousek,tjirousek9k@sfgate.com,Male,214.68.75.177
346,Lavinie,Florez,lflorez9l@goodreads.com,Female,57.119.167.205
347,Roshelle,Fautly,rfautly9m@imdb.com,Female,165.144.143.41
348,Niels,Sarjent,nsarjent9n@exblog.jp,Male,204.99.229.155
349,Nissy,Copo,ncopo9o@dailymotion.com,Female,94.178.244.121
350,Chiarra,Hughman,chughman9p@disqus.com,Female,225.181.228.32
351,Willey,Dunkerton,wdunkerton9q@blogspot.com,Male,146.157.153.135
352,Gusty,Everal,geveral9r@yandex.ru,Female,155.62.18.48
353,Fiorenze,Kirkland,fkirkland9s@tinyurl.com,Female,234.49.69.162
354,Ronald,Holme,rholme9t@yellowpages.com,Male,29.124.211.6
355,Corinne,Koppe,ckoppe9u@bbb.org,Female,250.148.12.96
356,Corey,Alston,calston9v@baidu.com,Male,220.215.183.167
357,Jory,Brakespear,jbrakespear9w@howstuffworks.com,Male,7.45.99.72
358,Orran,Diboll,odiboll9x@parallels.com,Male,222.165.47.212
359,Gilli,Landman,glandman9y@mit.edu,Female,42.14.251.175
360,Lindsy,Fountian,lfountian9z@walmart.com,Female,21.49.164.168
361,Ferdinanda,Vaggers,fvaggersa0@amazon.de,Female,177.153.38.4
362,Addie,Wassung,awassunga1@hud.gov,Male,69.221.87.136
363,Raff,Devote,rdevotea2@posterous.com,Male,194.85.150.125
364,Roscoe,Kassidy,rkassidya3@comsenz.com,Male,47.7.3.214
365,Palm,Hamor,phamora4@cpanel.net,Male,63.173.48.221
366,Gay,Northley,gnorthleya5@opera.com,Male,139.209.224.79
367,Sal,McSperron,smcsperrona6@businessinsider.com,Female,248.46.227.180
368,Gayle,Colquyte,gcolquytea7@howstuffworks.com,Male,252.144.164.244
369,Alejandra,VanBrugh,avanbrugha8@bloglovin.com,Female,200.158.139.101
370,Ardyth,Flarity,aflaritya9@godaddy.com,Female,224.234.1.206
371,Ignatius,Ritzman,iritzmanaa@oaic.gov.au,Male,203.34.116.5
372,Glory,Ganiclef,gganiclefab@unblog.fr,Female,212.80.82.101
373,Giuseppe,Janauschek,gjanauschekac@google.com,Male,25.101.41.151
374,Birgitta,Baradel,bbaradelad@canalblog.com,Female,207.52.29.125
375,Bat,Haxley,bhaxleyae@pinterest.com,Male,184.50.86.66
376,Kalvin,Zappel,kzappelaf@nature.com,Male,147.188.42.168
377,Wilone,Middlewick,wmiddlewickag@harvard.edu,Female,184.134.186.238
378,Ken,Petters,kpettersah@cnet.com,Male,235.76.42.19
379,Emmy,Schruur,eschruurai@soundcloud.com,Male,250.154.206.240
380,Cart,Kensit,ckensitaj@rambler.ru,Male,93.96.239.3
381,Marcia,Iczokvitz,miczokvitzak@gnu.org,Female,39.90.14.210
382,Shandra,Hosten,shostenal@etsy.com,Female,107.30.185.144
383,Erwin,Pizzey,epizzeyam@sina.com.cn,Male,157.153.24.86
384,Marybeth,McGiffin,mmcgiffinan@ovh.net,Female,113.55.168.185
385,Maria,Curtis,mcurtisao@blogs.com,Female,21.150.5.238
386,Mic,Proby,mprobyap@quantcast.com,Male,206.239.0.201
387,Jyoti,Sells,jsellsaq@craigslist.org,Female,28.72.222.111
388,Junia,Davenhill,jdavenhillar@desdev.cn,Female,207.40.48.92
389,Delores,Hamil,dhamilas@nasa.gov,Female,147.185.91.117
390,Susana,Perotti,sperottiat@themeforest.net,Female,220.217.79.146
391,Ray,Ogg,roggau@rambler.ru,Male,229.14.221.128
392,Dilan,Darth,ddarthav@admin.ch,Male,179.53.50.202
393,Scarlett,Gracewood,sgracewoodaw@tripod.com,Female,132.160.204.49
394,Gerrilee,Squibbes,gsquibbesax@hexun.com,Female,168.241.35.248
395,Maud,Olivelli,molivelliay@hud.gov,Female,34.196.81.196
396,Reinold,Carrabot,rcarrabotaz@spiegel.de,Male,60.141.210.248
397,Rogerio,Courteney,rcourteneyb0@smh.com.au,Male,201.182.208.22
398,Robers,Braiden,rbraidenb1@newsvine.com,Male,225.77.230.81
399,Sophie,Jozwiak,sjozwiakb2@businesswire.com,Female,185.32.48.108
400,Barton,Lamputt,blamputtb3@stumbleupon.com,Male,196.55.9.185
401,Danita,Arkil,darkilb4@cbc.ca,Female,180.49.79.142
402,Sherm,Laurencot,slaurencotb5@furl.net,Male,232.197.4.232
403,Davon,Paddefield,dpaddefieldb6@hhs.gov,Male,224.114.87.179
404,Cherilynn,Berry,cberryb7@unblog.fr,Female,253.40.170.115
405,Keelby,Barradell,kbarradellb8@pen.io,Male,202.224.18.151
406,Bruce,Barkas,bbarkasb9@oaic.gov.au,Male,224.229.89.254
407,Gayel,Ivankin,givankinba@hud.gov,Female,0.159.136.23
408,Junette,Rainbird,jrainbirdbb@myspace.com,Female,68.215.152.19
409,Case,Patek,cpatekbc@unicef.org,Male,56.44.5.215
410,Karisa,Jacquemot,kjacquemotbd@howstuffworks.com,Female,172.6.31.178
411,Natka,Broker,nbrokerbe@list-manage.com,Female,176.22.122.134
412,Conant,Mattholie,cmattholiebf@usa.gov,Male,220.32.191.106
413,Jobey,Burt,jburtbg@myspace.com,Female,249.152.190.58
414,Clare,Burg,cburgbh@youtube.com,Female,251.35.20.83
415,Felix,McLice,fmclicebi@arstechnica.com,Male,241.59.213.5
416,Anestassia,Choak,achoakbj@walmart.com,Female,250.147.17.171
417,Loretta,George,lgeorgebk@cam.ac.uk,Female,125.25.101.230
418,Conrad,Tremolieres,ctremolieresbl@moonfruit.com,Male,6.100.154.45
419,Stoddard,Print,sprintbm@amazon.com,Female,69.235.64.21
420,Avery,Matzkaitis,amatzkaitisbn@livejournal.com,Male,186.64.233.71
421,Jacenta,Pettersen,jpettersenbo@rambler.ru,Female,241.223.26.27
422,Maurene,Steinor,msteinorbp@webmd.com,Female,26.37.182.242
423,Bernice,Gamell,bgamellbq@t.co,Female,222.52.249.168
424,Lona,Totterdell,ltotterdellbr@ebay.com,Female,58.99.89.130
425,Omar,Kopta,okoptabs@uiuc.edu,Male,142.16.66.28
426,Wang,Kingswoode,wkingswoodebt@posterous.com,Male,201.137.190.188
427,Fredek,Gregori,fgregoribu@studiopress.com,Male,140.134.42.106
428,Ermengarde,Glossup,eglossupbv@sogou.com,Female,82.71.109.29
429,Teodora,Shelmerdine,tshelmerdinebw@mtv.com,Female,83.51.198.107
430,Cathe,Purton,cpurtonbx@tiny.cc,Female,136.215.69.135
431,Iona,Uphill,iuphillby@amazonaws.com,Female,79.16.84.132
432,Leon,McTaggart,lmctaggartbz@netlog.com,Male,222.123.119.2
433,Marian,Hutchens,mhutchensc0@economist.com,Female,247.138.234.174
434,Horatio,Lissandrini,hlissandrinic1@technorati.com,Male,153.88.112.92
435,Bryce,Karlsen,bkarlsenc2@google.com.hk,Male,159.61.86.81
436,Drusi,Pitkins,dpitkinsc3@tumblr.com,Female,53.203.223.233
437,Raquela,Hitzke,rhitzkec4@arstechnica.com,Female,171.27.97.130
438,Jemmy,Ventom,jventomc5@51.la,Female,78.47.36.81
439,Kitty,Joannidi,kjoannidic6@nps.gov,Female,91.44.111.41
440,Lawton,Camps,lcampsc7@furl.net,Male,117.182.174.19
441,Bili,Bisiker,bbisikerc8@cyberchimps.com,Female,204.81.165.22
442,Bren,Boulter,bboulterc9@usa.gov,Male,118.180.133.161
443,Hadley,Syer,hsyerca@illinois.edu,Male,201.116.149.163
444,Von,Yann,vyanncb@ibm.com,Male,7.254.158.174
445,Konstantin,Bleibaum,kbleibaumcc@businessinsider.com,Male,0.48.239.210
446,Bobbye,Matusovsky,bmatusovskycd@kickstarter.com,Female,33.13.116.120
447,Dorita,Edgington,dedgingtonce@themeforest.net,Female,94.13.222.76
448,Manon,Warbey,mwarbeycf@sitemeter.com,Female,98.68.117.27
449,Papagena,Simonitto,psimonittocg@mac.com,Female,6.92.47.46
450,Kendell,Flear,kflearch@sohu.com,Male,160.165.119.168
451,Shanon,Piller,spillerci@drupal.org,Female,126.134.134.18
452,Alaster,Gummary,agummarycj@topsy.com,Male,71.106.190.251
453,Kristo,Kingsmill,kkingsmillck@wix.com,Male,41.183.51.45
454,Bob,Jordanson,bjordansoncl@msu.edu,Male,55.251.64.238
455,Emanuel,Francescozzi,efrancescozzicm@friendfeed.com,Male,60.15.29.80
456,Laina,Akroyd,lakroydcn@tmall.com,Female,214.25.189.152
457,Corney,Etchell,cetchellco@eventbrite.com,Male,201.6.121.22
458,Jerrylee,Alecock,jalecockcp@un.org,Female,61.146.73.3
459,Pasquale,Walisiak,pwalisiakcq@berkeley.edu,Male,109.47.96.89
460,Syman,Burndred,sburndredcr@jiathis.com,Male,116.114.127.117
461,Hyatt,Beels,hbeelscs@cocolog-nifty.com,Male,109.100.246.129
462,Rawley,Stobbie,rstobbiect@harvard.edu,Male,45.122.100.208
463,Ethel,Coultous,ecoultouscu@unc.edu,Female,24.228.140.180
464,Dino,Adlington,dadlingtoncv@webeden.co.uk,Male,127.201.227.63
465,Odell,Tysall,otysallcw@hubpages.com,Male,213.186.11.83
466,Griffy,Iacoviello,giacoviellocx@soup.io,Male,0.229.140.198
467,Piper,Aisthorpe,paisthorpecy@si.edu,Female,41.186.106.254
468,Corabella,Thomlinson,cthomlinsoncz@reference.com,Female,197.150.212.112
469,Ancell,Sokill,asokilld0@washingtonpost.com,Male,245.170.123.243
470,Sioux,Luckey,sluckeyd1@storify.com,Female,217.24.19.107
471,Guglielma,Rollinshaw,grollinshawd2@samsung.com,Female,72.179.187.244
472,Joshia,Seago,jseagod3@google.es,Male,106.94.188.75
473,Deloria,Measor,dmeasord4@mapquest.com,Female,225.102.90.145
474,Hobey,Tidder,htidderd5@meetup.com,Male,59.123.238.239
475,Rodie,Jackson,rjacksond6@devhub.com,Female,12.179.179.229
476,Wakefield,Tester,wtesterd7@seattletimes.com,Male,197.94.253.202
477,Granville,Mish,gmishd8@vkontakte.ru,Male,201.95.111.15
478,Theodor,Hulance,thulanced9@patch.com,Male,227.43.241.206
479,Alverta,Cranch,acranchda@typepad.com,Female,2.90.134.186
480,Arden,Eller,aellerdb@xrea.com,Female,236.75.122.214
481,Bronson,Avrahamian,bavrahamiandc@shop-pro.jp,Male,179.107.214.190
482,Carie,Koschke,ckoschkedd@bbb.org,Female,151.182.201.3
483,Andriana,Aguilar,aaguilarde@discovery.com,Female,124.90.187.31
484,Klarrisa,Egginton,keggintondf@ebay.co.uk,Female,38.171.46.21
485,Hilary,Bromfield,hbromfielddg@nifty.com,Male,26.109.77.84
486,Milton,Cersey,mcerseydh@nydailynews.com,Male,194.171.44.198
487,Gerladina,Littleover,glittleoverdi@amazon.co.uk,Female,107.125.35.234
488,Paola,Slevin,pslevindj@uol.com.br,Female,11.195.48.236
489,Tull,Jumeau,tjumeaudk@goodreads.com,Male,251.27.28.252
490,Pammie,Avey,paveydl@mac.com,Female,246.49.80.204
491,Janis,Le Gallo,jlegallodm@washingtonpost.com,Female,41.9.166.31
492,Job,Barnwille,jbarnwilledn@people.com.cn,Male,43.185.180.223
493,Kissie,Moreing,kmoreingdo@discovery.com,Female,1.232.86.190
494,Emmey,Cavet,ecavetdp@nifty.com,Female,67.93.206.176
495,Graeme,Mattingly,gmattinglydq@mapquest.com,Male,242.13.243.203
496,Bondie,Davidof,bdavidofdr@dot.gov,Male,241.121.180.15
497,Prentiss,Shoebrook,pshoebrookds@histats.com,Male,11.19.47.187
498,Rudd,Beacham,rbeachamdt@merriam-webster.com,Male,127.25.171.168
499,Demetrius,Scotter,dscotterdu@cocolog-nifty.com,Male,21.244.251.60
500,Anderson,Roby,arobydv@odnoklassniki.ru,Male,148.15.166.85
501,Nariko,Olland,nollanddw@newsvine.com,Female,13.101.229.45
502,Tedmund,D'Ambrogi,tdambrogidx@slate.com,Male,146.126.190.212
503,Holly,Gledstane,hgledstanedy@ted.com,Male,98.28.82.230
504,Kennedy,Yellop,kyellopdz@army.mil,Male,218.176.98.195
505,Vale,Vanin,vvanine0@theguardian.com,Female,170.223.56.85
506,Myron,Fermor,mfermore1@blogger.com,Male,178.131.121.15
507,Deny,Hanning,dhanninge2@parallels.com,Female,69.237.236.180
508,Poul,Sailor,psailore3@gizmodo.com,Male,46.4.164.43
509,Mick,Heijnen,mheijnene4@youtube.com,Male,174.64.248.239
510,Evelyn,Vellden,evelldene5@vimeo.com,Male,147.255.241.139
511,Carolynn,Bugg,cbugge6@jimdo.com,Female,108.84.181.20
512,Gerik,Guyon,gguyone7@issuu.com,Male,94.180.16.230
513,Bobbee,Stapylton,bstapyltone8@globo.com,Female,84.123.28.110
514,Clement,Cavanagh,ccavanaghe9@indiegogo.com,Male,74.42.119.205
515,Saundra,Scanderet,sscanderetea@cargocollective.com,Male,47.88.11.64
516,Yvor,Baggiani,ybaggianieb@cornell.edu,Male,217.120.9.76
517,Winnifred,Fenne,wfenneec@bloglovin.com,Female,28.123.249.29
518,Che,Merrill,cmerrilled@macromedia.com,Male,110.150.157.208
519,May,Cramp,mcrampee@technorati.com,Female,1.215.82.68
520,Pembroke,Plait,pplaitef@instagram.com,Male,197.97.160.221
521,Anderson,Beel,abeeleg@archive.org,Male,220.233.160.91
522,Chane,Kenwell,ckenwelleh@discuz.net,Male,31.193.97.161
523,Giffer,Ocklin,gocklinei@gnu.org,Male,24.226.83.189
524,Ermina,Rappoport,erappoportej@ca.gov,Female,7.194.214.144
525,Ferne,Heaseman,fheasemanek@sfgate.com,Female,152.180.74.117
526,Kaitlyn,Petyanin,kpetyaninel@bizjournals.com,Female,125.185.75.204
527,Mattheus,Gerrey,mgerreyem@fastcompany.com,Male,31.17.97.101
528,Juliann,Waddington,jwaddingtonen@scribd.com,Female,239.7.237.8
529,Natala,Batt,nbatteo@hhs.gov,Female,169.190.192.71
530,Donelle,Everwin,deverwinep@epa.gov,Female,92.240.138.213
531,Fiona,Rapinett,frapinetteq@epa.gov,Female,222.231.111.209
532,Jeremie,Greenstock,jgreenstocker@nasa.gov,Male,67.90.221.93
533,Solomon,Gooda,sgoodaes@sakura.ne.jp,Male,96.208.155.15
534,Josee,Salatino,jsalatinoet@hhs.gov,Female,139.57.125.92
535,Cherilyn,Thompkins,cthompkinseu@unblog.fr,Female,84.235.208.116
536,Julietta,Fountain,jfountainev@altervista.org,Female,154.218.227.62
537,Consuela,Shadrach,cshadrachew@over-blog.com,Female,89.74.156.174
538,Austina,Drinnan,adrinnanex@gizmodo.com,Female,81.219.246.155
539,Tedie,Dunstan,tdunstaney@ca.gov,Male,29.134.25.195
540,Ertha,Danilov,edanilovez@imgur.com,Female,122.75.44.225
541,Shel,Trimme,strimmef0@hibu.com,Female,226.184.108.129
542,Rodge,Lascelles,rlascellesf1@mtv.com,Male,44.206.8.68
543,Adel,Dun,adunf2@senate.gov,Female,223.243.15.226
544,Leigh,Antonescu,lantonescuf3@salon.com,Female,6.221.125.89
545,Bradly,Boynes,bboynesf4@samsung.com,Male,164.121.220.89
546,Marti,Ruseworth,mruseworthf5@intel.com,Female,77.14.132.184
547,Niles,Delgardo,ndelgardof6@ucoz.ru,Male,21.39.193.8
548,Faydra,Whelpdale,fwhelpdalef7@yolasite.com,Female,23.111.118.70
549,Dione,Hoxey,dhoxeyf8@arstechnica.com,Female,161.120.26.166
550,Kingston,Hendin,khendinf9@harvard.edu,Male,195.164.161.142
551,Phil,Turnor,pturnorfa@hud.gov,Female,87.223.5.225
552,Corbet,Biffin,cbiffinfb@so-net.ne.jp,Male,168.199.151.143
553,Dorena,Noton,dnotonfc@nationalgeographic.com,Female,13.72.75.78
554,Margalit,McQuode,mmcquodefd@squidoo.com,Female,125.186.228.155
555,Sloan,Jardin,sjardinfe@hostgator.com,Male,202.193.22.253
556,Rochell,Chaytor,rchaytorff@nationalgeographic.com,Female,222.19.52.176
557,Geordie,Jamrowicz,gjamrowiczfg@amazon.de,Male,203.51.91.8
558,Cortie,Stickel,cstickelfh@bbb.org,Male,42.88.250.213
559,Cindelyn,Mickleborough,cmickleboroughfi@miitbeian.gov.cn,Female,217.25.17.167
560,Mozelle,Ubsdall,mubsdallfj@tuttocitta.it,Female,251.156.98.138
561,Wolf,Linford,wlinfordfk@elegantthemes.com,Male,4.183.36.91
562,Ansel,Svanini,asvaninifl@gizmodo.com,Male,237.202.118.240
563,Cheslie,Seedman,cseedmanfm@so-net.ne.jp,Female,44.13.235.163
564,Rock,Crampton,rcramptonfn@ibm.com,Male,73.253.173.180
565,Reed,Livett,rlivettfo@ezinearticles.com,Male,97.142.177.120
566,Lenore,Artingstall,lartingstallfp@t-online.de,Female,221.217.205.255
567,Marketa,Labitt,mlabittfq@foxnews.com,Female,110.201.89.137
568,Martainn,MacCook,mmaccookfr@histats.com,Male,37.236.173.18
569,Barry,O'Sharry,bosharryfs@360.cn,Female,2.103.141.59
570,Roanna,Collough,rcolloughft@blogspot.com,Female,39.75.159.134
571,Ardisj,Sansom,asansomfu@unesco.org,Female,22.119.151.203
572,Palmer,Tandy,ptandyfv@yellowbook.com,Male,64.10.31.243
573,Melesa,Olman,molmanfw@yale.edu,Female,214.250.146.52
574,Kirby,Fairhall,kfairhallfx@addthis.com,Male,161.150.122.72
575,Pauly,Wallentin,pwallentinfy@desdev.cn,Male,18.109.21.75
576,Horace,Troup,htroupfz@yale.edu,Male,90.208.29.55
577,Guss,Fryatt,gfryattg0@census.gov,Male,218.69.45.164
578,Aloise,Hatherell,ahatherellg1@redcross.org,Female,39.248.147.118
579,Egbert,Rudd,eruddg2@alexa.com,Male,215.237.39.17
580,Lucius,Lassetter,llassetterg3@ezinearticles.com,Male,7.228.55.196
581,Kaela,MacFadyen,kmacfadyeng4@hud.gov,Female,243.86.238.237
582,Candide,Bletsor,cbletsorg5@hao123.com,Female,45.210.204.66
583,Marylou,Clemetts,mclemettsg6@virginia.edu,Female,184.42.125.184
584,Cher,Dainton,cdaintong7@trellian.com,Female,188.186.8.12
585,Vanda,Cowdray,vcowdrayg8@a8.net,Female,43.27.104.97
586,Goldia,Brood,gbroodg9@google.com.hk,Female,41.235.220.150
587,Trevor,Knagges,tknaggesga@telegraph.co.uk,Male,18.26.104.157
588,Renard,Drinkhill,rdrinkhillgb@infoseek.co.jp,Male,174.64.65.3
589,Kirby,Gallamore,kgallamoregc@surveymonkey.com,Male,190.148.5.127
590,Cleopatra,Ashburner,cashburnergd@fastcompany.com,Female,238.193.227.153
591,Gannon,Ferris,gferrisge@paypal.com,Male,27.183.215.178
592,Pat,Rake,prakegf@indiegogo.com,Female,98.62.247.221
593,Nelia,Masdon,nmasdongg@joomla.org,Female,212.222.35.249
594,Harlene,Crackel,hcrackelgh@tinyurl.com,Female,178.64.230.242
595,Misti,Wyrall,mwyrallgi@cmu.edu,Female,56.163.94.141
596,Padriac,Cardon,pcardongj@china.com.cn,Male,39.200.182.211
597,Tallulah,Grayling,tgraylinggk@opera.com,Female,121.112.207.30
598,Brittne,Songhurst,bsonghurstgl@squarespace.com,Female,11.205.255.47
599,Odelle,Gadie,ogadiegm@umn.edu,Female,146.71.186.159
600,Sonny,Emmer,semmergn@opensource.org,Female,43.47.232.196
601,Antonino,Butler-Bowdon,abutlerbowdongo@tamu.edu,Male,107.160.213.160
602,Frieda,McWhorter,fmcwhortergp@nhs.uk,Female,255.80.99.99
603,Larine,Beeres,lbeeresgq@over-blog.com,Female,1.209.137.53
604,Harri,Hupka,hhupkagr@tinypic.com,Female,244.9.92.219
605,Lyndel,Liggens,lliggensgs@arstechnica.com,Female,3.142.124.68
606,Hamish,Emmitt,hemmittgt@miibeian.gov.cn,Male,111.110.103.2
607,Adrien,Cully,acullygu@goo.gl,Male,232.242.156.197
608,Persis,Jervoise,pjervoisegv@xinhuanet.com,Female,206.209.40.200
609,Luca,Casson,lcassongw@sogou.com,Male,123.131.238.53
610,Eddy,Grieveson,egrievesongx@tiny.cc,Female,59.125.51.129
611,Olav,Roskam,oroskamgy@nature.com,Male,182.84.218.150
612,Anneliese,Schwandermann,aschwandermanngz@ezinearticles.com,Female,65.55.7.210
613,Roz,McCreary,rmccrearyh0@dell.com,Female,191.118.17.21
614,Karel,Finlry,kfinlryh1@ebay.com,Male,56.5.58.4
615,Pris,McLise,pmcliseh2@salon.com,Female,202.57.179.214
616,King,Allston,kallstonh3@acquirethisname.com,Male,49.118.91.155
617,Sibilla,Evemy,sevemyh4@tamu.edu,Female,134.40.132.200
618,Blanca,Odney,bodneyh5@nationalgeographic.com,Female,143.191.37.128
619,Les,Fisbey,lfisbeyh6@topsy.com,Male,50.162.216.152
620,Rubina,Albasini,ralbasinih7@360.cn,Female,135.160.184.238
621,Shannon,Bedberry,sbedberryh8@people.com.cn,Male,215.15.145.7
622,Paola,Mitrovic,pmitrovich9@nasa.gov,Female,128.153.7.37
623,Dorella,Renbold,drenboldha@paypal.com,Female,62.147.235.158
624,Irwin,Siddle,isiddlehb@home.pl,Male,194.168.141.207
625,Scotti,Culver,sculverhc@hp.com,Male,35.149.30.95
626,Clement,Gold,cgoldhd@house.gov,Male,240.213.28.1
627,Thia,Comiam,tcomiamhe@usa.gov,Female,175.135.69.0
628,Klarika,Beneix,kbeneixhf@pen.io,Female,6.16.103.2
629,Zollie,Benbrick,zbenbrickhg@netvibes.com,Male,46.208.146.158
630,Oralia,Faltskog,ofaltskoghh@disqus.com,Female,105.184.252.255
631,Bradan,Togwell,btogwellhi@devhub.com,Male,163.8.223.225
632,Merill,Lomaz,mlomazhj@google.com.br,Male,239.141.75.246
633,Milena,Pumfrey,mpumfreyhk@1und1.de,Female,53.197.186.57
634,Virgil,Van Halle,vvanhallehl@salon.com,Male,46.44.255.63
635,Ode,Halligan,ohalliganhm@cyberchimps.com,Male,112.247.154.55
636,Constantia,Thomasset,cthomassethn@cbsnews.com,Female,122.3.125.89
637,Josh,Purrington,jpurringtonho@is.gd,Male,255.46.56.40
638,Mandie,Kesley,mkesleyhp@google.co.jp,Female,35.53.52.45
639,Ansel,Godfroy,agodfroyhq@illinois.edu,Male,188.153.42.191
640,Alexa,Gurley,agurleyhr@nps.gov,Female,188.229.160.155
641,Kent,Itzkin,kitzkinhs@is.gd,Male,9.46.82.4
642,Gabe,Duferie,gduferieht@comsenz.com,Male,33.30.138.156
643,Gussy,Timbs,gtimbshu@comcast.net,Female,51.155.232.192
644,Chariot,Abbett,cabbetthv@pagesperso-orange.fr,Male,249.225.80.110
645,Pippo,Rabbage,prabbagehw@nyu.edu,Male,8.244.223.7
646,Gothart,Briscam,gbriscamhx@w3.org,Male,150.133.56.54
647,Chlo,Caws,ccawshy@economist.com,Female,229.48.31.61
648,Dee,Kleimt,dkleimthz@purevolume.com,Female,27.106.203.140
649,Renate,McQueen,rmcqueeni0@squarespace.com,Female,50.164.16.117
650,Brianna,Ricarde,bricardei1@goo.ne.jp,Female,78.84.220.172
651,Curtice,Hoffmann,choffmanni2@example.com,Male,171.8.193.56
652,Maiga,Huot,mhuoti3@weather.com,Female,134.35.230.10
653,Robbi,Primett,rprimetti4@cnbc.com,Female,247.76.174.179
654,Gates,Purvis,gpurvisi5@tmall.com,Female,239.63.2.240
655,Siffre,Shillom,sshillomi6@bloomberg.com,Male,67.57.171.210
656,Frank,Timmermann,ftimmermanni7@netscape.com,Female,80.130.53.98
657,Ernesto,Whitmarsh,ewhitmarshi8@dmoz.org,Male,156.78.151.119
658,Charil,McGooch,cmcgoochi9@gravatar.com,Female,81.31.110.70
659,Derby,Matschek,dmatschekia@yahoo.co.jp,Male,123.26.80.131
660,Walker,Chippendale,wchippendaleib@flavors.me,Male,86.231.193.175
661,Lydia,Axworthy,laxworthyic@businesswire.com,Female,190.166.133.87
662,Avictor,Elfe,aelfeid@com.com,Male,134.36.94.72
663,Dev,Alwood,dalwoodie@washingtonpost.com,Male,144.120.165.26
664,Orel,Froome,ofroomeif@instagram.com,Female,0.19.156.111
665,Paddy,Files,pfilesig@unblog.fr,Male,223.91.200.117
666,Lia,Milleton,lmilletonih@illinois.edu,Female,160.100.14.197
667,Nikolaus,Deshon,ndeshonii@ca.gov,Male,155.63.239.202
668,Yance,Ivanyushin,yivanyushinij@walmart.com,Male,42.38.198.103
669,Bernhard,Abele,babeleik@psu.edu,Male,17.106.75.92
670,Avrit,Goodlad,agoodladil@microsoft.com,Female,216.65.123.50
671,Christy,Gowans,cgowansim@virginia.edu,Male,103.186.160.57
672,Janetta,Lief,jliefin@techcrunch.com,Female,233.232.95.127
673,Langston,Bailes,lbailesio@istockphoto.com,Male,61.34.217.8
674,Titus,Begin,tbeginip@w3.org,Male,37.15.116.49
675,Hieronymus,Johnston,hjohnstoniq@discovery.com,Male,160.42.243.242
676,Cyndie,Mattaser,cmattaserir@google.com,Female,176.61.97.248
677,Valery,Graalman,vgraalmanis@google.ca,Female,230.247.202.21
678,Gregg,Dawbery,gdawberyit@posterous.com,Male,121.65.55.160
679,Douglass,Minney,dminneyiu@cornell.edu,Male,42.102.112.242
680,Micky,Harriman,mharrimaniv@eventbrite.com,Female,62.78.131.96
681,Lorette,Holston,lholstoniw@altervista.org,Female,207.18.254.150
682,Elbertina,O'Clery,eocleryix@comcast.net,Female,96.169.67.12
683,Maxim,Kimm,mkimmiy@blinklist.com,Male,135.252.229.243
684,Burlie,Mulder,bmulderiz@amazon.co.jp,Male,147.9.250.208
685,Dante,Gehrels,dgehrelsj0@kickstarter.com,Male,88.206.173.67
686,Archer,Rolley,arolleyj1@alexa.com,Male,124.199.97.158
687,Gusti,Lynthal,glynthalj2@abc.net.au,Female,34.11.9.191
688,Maryanna,Poynor,mpoynorj3@canalblog.com,Female,158.241.144.116
689,Dewey,Molloy,dmolloyj4@tinypic.com,Male,211.122.51.65
690,Glynda,Edgars,gedgarsj5@deliciousdays.com,Female,102.253.82.126
691,Garrott,Bonhan,gbonhanj6@about.com,Male,59.44.182.249
692,Veradis,Leeves,vleevesj7@sphinn.com,Female,35.60.190.25
693,Zelig,Hurdman,zhurdmanj8@elegantthemes.com,Male,132.10.162.252
694,Nicholle,Mounfield,nmounfieldj9@e-recht24.de,Female,159.254.212.203
695,Thorn,O'Clery,tocleryja@sfgate.com,Male,77.141.177.202
696,Alex,Peterson,apetersonjb@gravatar.com,Male,6.176.116.221
697,Toby,Shier,tshierjc@xing.com,Male,170.239.15.71
698,Hashim,Threader,hthreaderjd@irs.gov,Male,180.164.135.72
699,Brunhilde,Ducket,bducketje@si.edu,Female,81.54.224.114
700,Minetta,Blagden,mblagdenjf@cpanel.net,Female,236.187.22.63
701,Benedicto,Buckley,bbuckleyjg@wordpress.org,Male,75.247.203.75
702,Gail,Sellek,gsellekjh@bloglines.com,Male,50.230.183.90
703,Mikel,Downs,mdownsji@prnewswire.com,Male,29.109.174.222
704,Burty,Rawet,brawetjj@dailymotion.com,Male,143.177.77.113
705,Julie,Bowdon,jbowdonjk@blogtalkradio.com,Female,141.199.160.135
706,Hermon,Pedican,hpedicanjl@chronoengine.com,Male,159.5.17.236
707,Eunice,Jacobovitz,ejacobovitzjm@nasa.gov,Female,69.189.50.94
708,Eran,Grichukhanov,egrichukhanovjn@whitehouse.gov,Female,160.161.148.208
709,Juliann,De Gouy,jdegouyjo@hud.gov,Female,130.213.30.215
710,Eberto,Helliar,ehelliarjp@deliciousdays.com,Male,184.230.175.86
711,Verla,Bolden,vboldenjq@mysql.com,Female,232.112.132.86
712,Adelice,Larking,alarkingjr@ebay.co.uk,Female,153.34.160.11
713,Claretta,Harsant,charsantjs@ibm.com,Female,175.5.7.204
714,Guillermo,Chaudron,gchaudronjt@slideshare.net,Male,41.15.0.155
715,Almire,Nerval,anervalju@shinystat.com,Female,50.28.2.62
716,Liv,Massow,lmassowjv@chron.com,Female,137.19.158.245
717,Vidovik,Densey,vdenseyjw@fda.gov,Male,102.40.127.214
718,Rodolfo,Musslewhite,rmusslewhitejx@edublogs.org,Male,106.163.100.74
719,Francesco,Lytle,flytlejy@wufoo.com,Male,62.199.52.31
720,Nikos,Hagwood,nhagwoodjz@usnews.com,Male,82.144.134.217
721,Hasty,Saunter,hsaunterk0@cdc.gov,Male,119.228.116.54
722,Mallory,Frossell,mfrossellk1@google.fr,Male,161.43.43.156
723,Urbanus,Greser,ugreserk2@xing.com,Male,86.216.173.51
724,Lela,Ausello,lausellok3@oakley.com,Female,178.147.211.227
725,Cleon,Lamacraft,clamacraftk4@acquirethisname.com,Male,101.46.151.88
726,Laird,Radley,lradleyk5@jiathis.com,Male,181.176.75.125
727,Dru,Gerg,dgergk6@biblegateway.com,Male,91.32.77.70
728,Casie,Stihl,cstihlk7@twitter.com,Female,29.79.135.153
729,Veronica,Querree,vquerreek8@slashdot.org,Female,233.63.158.38
730,Brandice,Middleditch,bmiddleditchk9@sourceforge.net,Female,72.163.189.236
731,Jacintha,Chape,jchapeka@wix.com,Female,41.8.17.208
732,Donalt,Dicky,ddickykb@com.com,Male,189.145.105.203
733,Cordy,Earie,ceariekc@weibo.com,Male,252.61.226.121
734,Joly,Brunone,jbrunonekd@t.co,Female,128.13.235.116
735,Melodee,O'Kieran,mokieranke@msn.com,Female,128.6.155.102
736,Doralynn,Kindred,dkindredkf@aol.com,Female,169.47.53.251
737,Dinny,Caurah,dcaurahkg@redcross.org,Female,186.160.61.84
738,Augusto,L'Amie,alamiekh@php.net,Male,27.179.214.107
739,Tiffy,Greenin,tgreeninki@senate.gov,Female,118.170.7.65
740,Delora,Weeks,dweekskj@timesonline.co.uk,Female,227.175.242.21
741,Bryon,Gooder,bgooderkk@msu.edu,Male,2.144.26.222
742,Tammy,Bampkin,tbampkinkl@arstechnica.com,Female,200.68.219.60
743,Wilden,Bowart,wbowartkm@hibu.com,Male,6.183.168.174
744,Anastasie,Lewington,alewingtonkn@wunderground.com,Female,249.71.40.228
745,Elias,Rableau,erableauko@sbwire.com,Male,98.50.70.204
746,Brianne,Godfroy,bgodfroykp@slideshare.net,Female,105.100.89.55
747,Heriberto,Ditzel,hditzelkq@addthis.com,Male,92.190.97.42
748,Olivero,Hengoed,ohengoedkr@microsoft.com,Male,178.29.167.153
749,Fitz,Eddis,feddisks@yellowbook.com,Male,246.116.217.172
750,Heda,Bilbrook,hbilbrookkt@spiegel.de,Female,131.192.71.132
751,Kevin,Saladin,ksaladinku@npr.org,Male,56.184.239.253
752,Cornelius,Hambrick,chambrickkv@bloglovin.com,Male,111.214.86.140
753,Sabrina,Lampkin,slampkinkw@noaa.gov,Female,197.59.5.43
754,Joline,Sotheby,jsothebykx@nhs.uk,Female,31.152.165.148
755,Galvin,Bedburrow,gbedburrowky@theatlantic.com,Male,89.151.249.156
756,Phaedra,Dransfield,pdransfieldkz@bing.com,Female,20.13.126.98
757,Charmine,Riddel,criddell0@ucla.edu,Female,27.75.57.203
758,Hagan,Burland,hburlandl1@lulu.com,Male,183.90.118.29
759,Giffie,Bolzen,gbolzenl2@mtv.com,Male,116.38.111.12
760,Newton,MacLure,nmaclurel3@nifty.com,Male,94.62.127.96
761,Joshuah,McOrkil,jmcorkill4@wordpress.org,Male,50.179.127.10
762,Dacy,McLorinan,dmclorinanl5@last.fm,Female,67.232.224.232
763,Taite,Pearse,tpearsel6@cargocollective.com,Male,87.228.228.31
764,Liliane,Folliss,lfollissl7@newyorker.com,Female,36.137.217.228
765,Rosalia,Ewert,rewertl8@latimes.com,Female,183.201.226.196
766,Ginelle,Feehely,gfeehelyl9@go.com,Female,41.20.111.64
767,Timoteo,Leppingwell,tleppingwellla@paypal.com,Male,114.161.56.80
768,Dex,Enston,denstonlb@gravatar.com,Male,239.179.138.133
769,Murry,Cantos,mcantoslc@sbwire.com,Male,128.152.70.81
770,Lonnie,Peagrim,lpeagrimld@deliciousdays.com,Female,34.222.159.108
771,Vin,Bradberry,vbradberryle@spotify.com,Female,243.150.102.83
772,Kellina,Peddar,kpeddarlf@discuz.net,Female,188.97.49.91
773,Cullin,Gwin,cgwinlg@cornell.edu,Male,54.195.97.127
774,Brian,Colwill,bcolwilllh@printfriendly.com,Male,209.36.228.105
775,Jarvis,Elphinston,jelphinstonli@paginegialle.it,Male,140.253.16.172
776,Lillian,Daniellot,ldaniellotlj@printfriendly.com,Female,76.229.107.17
777,Marwin,Macallam,mmacallamlk@ucoz.com,Male,17.227.12.153
778,Phyllys,Jelley,pjelleyll@com.com,Female,220.67.176.125
779,Fancy,Dallander,fdallanderlm@rambler.ru,Female,155.5.168.130
780,Mariette,Pichmann,mpichmannln@census.gov,Female,201.155.167.68
781,Pepito,Clementucci,pclementuccilo@yolasite.com,Male,187.204.20.46
782,Michal,Cawte,mcawtelp@vinaora.com,Female,188.10.58.6
783,Darla,Kermit,dkermitlq@pen.io,Female,144.229.237.229
784,Rurik,Menier,rmenierlr@storify.com,Male,31.148.172.146
785,Laughton,Treleaven,ltreleavenls@youtu.be,Male,51.116.205.19
786,Bo,Renackowna,brenackownalt@flavors.me,Male,245.63.84.58
787,Dory,Loeber,dloeberlu@apple.com,Female,201.24.215.52
788,Robinette,Halcro,rhalcrolv@noaa.gov,Female,192.65.59.27
789,Denni,Rabbatts,drabbattslw@imdb.com,Female,101.128.220.20
790,Pedro,Delion,pdelionlx@elpais.com,Male,137.231.17.176
791,Fonz,Belhomme,fbelhommely@flavors.me,Male,86.25.166.233
792,Lester,Nodin,lnodinlz@feedburner.com,Male,117.191.6.230
793,Cherry,Kings,ckingsm0@google.com.br,Female,149.56.122.91
794,Cristy,Blaine,cblainem1@blogger.com,Female,163.162.173.248
795,Myrna,Vivyan,mvivyanm2@mlb.com,Female,187.227.247.25
796,Chicky,MacCroary,cmaccroarym3@shinystat.com,Male,84.30.65.60
797,Gabriell,Soppeth,gsoppethm4@washington.edu,Female,177.164.212.113
798,Donovan,Cahen,dcahenm5@infoseek.co.jp,Male,153.52.90.110
799,Dionysus,Beringer,dberingerm6@histats.com,Male,252.68.221.48
800,Abdel,de Juares,adejuaresm7@bloglovin.com,Male,122.200.59.187
801,Byran,Ruffler,brufflerm8@php.net,Male,172.249.208.151
802,Chad,Moreman,cmoremanm9@over-blog.com,Male,123.60.14.245
803,Ashlie,Drover,adroverma@nydailynews.com,Female,191.66.218.42
804,Gabbie,Ratt,grattmb@ocn.ne.jp,Female,78.157.83.197
805,Rene,Baford,rbafordmc@abc.net.au,Male,208.171.44.250
806,Dotty,Tolman,dtolmanmd@washingtonpost.com,Female,245.122.18.191
807,Morgan,Shawyers,mshawyersme@github.com,Female,92.166.74.49
808,Livvy,Giannotti,lgiannottimf@mysql.com,Female,222.14.101.210
809,Fin,Jojic,fjojicmg@miitbeian.gov.cn,Male,8.187.49.147
810,Nannette,Pley,npleymh@xing.com,Female,242.251.81.74
811,Gunner,Polkinhorn,gpolkinhornmi@tinypic.com,Male,183.246.236.174
812,Irvin,Bull,ibullmj@bizjournals.com,Male,193.180.119.57
813,Wells,Jedraszek,wjedraszekmk@facebook.com,Male,65.109.223.247
814,Kathleen,Thieme,kthiememl@sina.com.cn,Female,78.35.184.77
815,Kattie,Deerr,kdeerrmm@cdc.gov,Female,233.85.249.245
816,Dallas,Rontree,drontreemn@intel.com,Male,203.39.149.100
817,Salvidor,Breydin,sbreydinmo@woothemes.com,Male,164.180.24.138
818,Dana,Allibone,dallibonemp@gnu.org,Male,156.164.180.225
819,Kelly,Hayes,khayesmq@bbb.org,Female,43.182.219.82
820,Merrel,Carlet,mcarletmr@usa.gov,Male,177.212.221.136
821,Caryl,Bucktharp,cbucktharpms@washingtonpost.com,Female,172.208.135.49
822,Virginie,Blethin,vblethinmt@a8.net,Female,125.10.101.161
823,Cora,Lombardo,clombardomu@answers.com,Female,102.180.178.114
824,Maison,Plunket,mplunketmv@google.nl,Male,145.67.64.6
825,Durante,Kornel,dkornelmw@indiatimes.com,Male,129.43.47.74
826,Bentley,Humbee,bhumbeemx@wikipedia.org,Male,224.218.65.40
827,Giorgi,Giercke,ggierckemy@vinaora.com,Male,107.250.168.32
828,Timofei,Lampaert,tlampaertmz@wikispaces.com,Male,245.120.154.132
829,Seamus,Lynagh,slynaghn0@sina.com.cn,Male,53.209.30.182
830,Eugene,Pantling,epantlingn1@so-net.ne.jp,Male,83.243.14.230
831,Kaia,Buxam,kbuxamn2@reddit.com,Female,246.25.156.58
832,Inglis,Ewbank,iewbankn3@cnbc.com,Male,69.242.138.78
833,Pooh,Rittmeyer,prittmeyern4@zimbio.com,Female,107.135.78.26
834,Maxy,Fieldhouse,mfieldhousen5@ehow.com,Female,249.79.150.228
835,Kearney,Ramsdale,kramsdalen6@wunderground.com,Male,99.119.160.78
836,Zora,Sweating,zsweatingn7@nps.gov,Female,27.204.225.20
837,Lenna,Hegden,lhegdenn8@1688.com,Female,117.217.136.150
838,Riccardo,McCathay,rmccathayn9@amazon.de,Male,243.153.43.76
839,Gerome,Beggs,gbeggsna@usa.gov,Male,0.126.22.87
840,Maud,Witnall,mwitnallnb@omniture.com,Female,221.71.75.143
841,Gordy,De Filippo,gdefilipponc@dion.ne.jp,Male,159.176.29.154
842,Trace,Hawking,thawkingnd@amazon.co.uk,Male,206.26.199.39
843,Melamie,Gallop,mgallopne@pagesperso-orange.fr,Female,185.115.121.86
844,Crawford,Luton,clutonnf@wunderground.com,Male,234.156.123.108
845,Armstrong,McFetridge,amcfetridgeng@hatena.ne.jp,Male,252.166.94.169
846,Hastie,Battaille,hbattaillenh@washington.edu,Male,81.168.170.143
847,Rock,Hens,rhensni@simplemachines.org,Male,6.139.222.76
848,Dedie,Clelle,dclellenj@163.com,Female,209.130.63.242
849,Massimo,Tooher,mtoohernk@earthlink.net,Male,239.55.80.76
850,Barbabas,Rowthorn,browthornnl@cyberchimps.com,Male,58.113.5.242
851,Manolo,Raulin,mraulinnm@discovery.com,Male,249.187.70.141
852,Mattie,Catto,mcattonn@oaic.gov.au,Male,197.106.190.230
853,Lauritz,Clipson,lclipsonno@tumblr.com,Male,168.166.215.189
854,Odelinda,Antley,oantleynp@google.co.jp,Female,79.244.164.224
855,Filip,Brookzie,fbrookzienq@ehow.com,Male,251.97.154.123
856,Rica,Skae,rskaenr@discuz.net,Female,221.108.2.5
857,Tye,Barnby,tbarnbyns@imdb.com,Male,65.48.234.78
858,Franklin,Wandrey,fwandreynt@mediafire.com,Male,190.108.120.146
859,Holly-anne,Siveter,hsiveternu@wikia.com,Female,229.204.17.149
860,Curran,Garber,cgarbernv@quantcast.com,Male,201.143.3.168
861,Sallyanne,Jorge,sjorgenw@phpbb.com,Female,6.50.114.79
862,Camel,Goodram,cgoodramnx@admin.ch,Female,166.183.177.79
863,Thain,Cuvley,tcuvleyny@ox.ac.uk,Male,57.118.1.118
864,Wallace,Syms,wsymsnz@photobucket.com,Male,92.225.144.84
865,Gilburt,Henden,ghendeno0@unblog.fr,Male,240.174.110.47
866,Giraud,Brachell,gbrachello1@cbc.ca,Male,211.250.36.167
867,Faith,Plewes,fpleweso2@patch.com,Female,156.148.109.85
868,Godart,Boleyn,gboleyno3@artisteer.com,Male,9.45.135.31
869,Kally,Markussen,kmarkusseno4@google.co.jp,Female,8.231.97.253
870,Gwenora,Franzini,gfranzinio5@apache.org,Female,215.192.187.206
871,Catherina,Dearsley,cdearsleyo6@sfgate.com,Female,54.129.165.213
872,Kaila,Antonellini,kantonellinio7@buzzfeed.com,Female,247.77.43.181
873,Jonathan,Dei,jdeio8@google.co.jp,Male,255.150.231.230
874,Burg,Lints,blintso9@eventbrite.com,Male,30.171.214.209
875,Kathryn,Goldsberry,kgoldsberryoa@constantcontact.com,Female,199.248.115.209
876,Gherardo,Windley,gwindleyob@msn.com,Male,178.56.139.36
877,Rory,Bavridge,rbavridgeoc@behance.net,Male,67.124.125.183
878,Godfrey,Satford,gsatfordod@stumbleupon.com,Male,106.233.1.181
879,Laughton,Warton,lwartonoe@economist.com,Male,58.125.156.138
880,Tamarra,Guidotti,tguidottiof@live.com,Female,90.148.199.40
881,Randa,Hazeltine,rhazeltineog@squarespace.com,Female,132.193.213.136
882,Hynda,Gleadhall,hgleadhalloh@symantec.com,Female,108.122.179.180
883,Nathalie,Shatliff,nshatliffoi@webeden.co.uk,Female,27.179.54.224
884,Hayes,Petriello,hpetriellooj@jalbum.net,Male,61.60.125.37
885,Tobe,Kelshaw,tkelshawok@vkontakte.ru,Female,81.73.44.11
886,Puff,Exposito,pexpositool@photobucket.com,Male,20.129.36.36
887,Tomas,Nash,tnashom@purevolume.com,Male,215.199.111.189
888,Aurore,Dansey,adanseyon@patch.com,Female,0.108.29.99
889,Robbie,Idiens,ridiensoo@un.org,Female,245.189.205.177
890,Papagena,Mortell,pmortellop@webmd.com,Female,42.47.21.48
891,Marcos,Rowbrey,mrowbreyoq@sakura.ne.jp,Male,201.222.185.132
892,Gunner,Chesney,gchesneyor@un.org,Male,141.125.48.148
893,Dorise,Matusson,dmatussonos@simplemachines.org,Female,190.253.143.101
894,Wat,Critoph,wcritophot@unblog.fr,Male,111.39.125.158
895,Willie,Josiah,wjosiahou@howstuffworks.com,Female,121.52.122.149
896,Ibby,Footitt,ifootittov@xinhuanet.com,Female,139.221.134.253
897,Carilyn,Pearmine,cpearmineow@tiny.cc,Female,108.11.166.195
898,Gerrard,Mayger,gmaygerox@skype.com,Male,133.81.177.235
899,Locke,Brammer,lbrammeroy@ameblo.jp,Male,103.131.244.216
900,Atlante,Bauman,abaumanoz@army.mil,Female,147.126.52.158
901,Valentijn,Gonet,vgonetp0@technorati.com,Male,131.220.177.73
902,Hugo,Torbett,htorbettp1@ycombinator.com,Male,175.118.32.198
903,Ase,Holbie,aholbiep2@flickr.com,Male,136.226.144.231
904,Jonathon,Moye,jmoyep3@flavors.me,Male,140.169.13.155
905,Ritchie,Keave,rkeavep4@list-manage.com,Male,234.55.224.22
906,Rani,Aimeric,raimericp5@pbs.org,Female,249.90.78.60
907,Ransell,Spoure,rspourep6@ovh.net,Male,148.79.244.42
908,Collin,Bussey,cbusseyp7@godaddy.com,Male,51.233.178.141
909,Farrel,Macilhench,fmacilhenchp8@smh.com.au,Male,244.91.186.39
910,Kynthia,Alphonso,kalphonsop9@nationalgeographic.com,Female,143.98.66.84
911,Darice,Dusey,dduseypa@merriam-webster.com,Female,243.226.64.112
912,Cassandre,Fiddymont,cfiddymontpb@phpbb.com,Female,21.182.79.132
913,Ralph,Dikle,rdiklepc@hostgator.com,Male,73.62.152.170
914,Caitlin,Kluss,cklusspd@wikispaces.com,Female,1.8.143.156
915,Simonette,Baudichon,sbaudichonpe@senate.gov,Female,14.4.74.233
916,Marieann,Anders,manderspf@free.fr,Female,147.187.74.244
917,Tobias,Dacks,tdackspg@epa.gov,Male,157.144.252.212
918,Webb,Mateo,wmateoph@gnu.org,Male,106.146.43.159
919,Alene,Biggins,abigginspi@ca.gov,Female,223.239.158.252
920,Whit,Farnorth,wfarnorthpj@sun.com,Male,205.6.125.245
921,Vincents,Stonham,vstonhampk@skype.com,Male,98.55.117.76
922,Hetty,Padginton,hpadgintonpl@dmoz.org,Female,98.219.191.185
923,Madelin,Duke,mdukepm@sfgate.com,Female,210.69.26.54
924,Bond,Esherwood,besherwoodpn@slate.com,Male,196.168.85.214
925,Bernardo,Collabine,bcollabinepo@taobao.com,Male,231.76.102.12
926,Shawn,Parish,sparishpp@example.com,Male,25.227.233.248
927,Heath,Stopford,hstopfordpq@zimbio.com,Female,85.159.103.132
928,Monah,Murrells,mmurrellspr@ted.com,Female,137.66.171.102
929,Margot,Greatorex,mgreatorexps@vk.com,Female,20.143.141.106
930,Zeb,Lyver,zlyverpt@digg.com,Male,73.102.118.128
931,Holt,Verrills,hverrillspu@telegraph.co.uk,Male,237.65.76.255
932,Baron,Abrashkov,babrashkovpv@blinklist.com,Male,56.177.191.236
933,Rivalee,Tunuy,rtunuypw@linkedin.com,Female,122.48.32.168
934,Lilla,Carver,lcarverpx@google.com.br,Female,118.48.68.90
935,Brittan,Rawling,brawlingpy@fc2.com,Female,37.25.41.28
936,Prescott,Di Domenico,pdidomenicopz@biglobe.ne.jp,Male,222.170.176.173
937,Lemar,MacAlister,lmacalisterq0@comcast.net,Male,93.55.117.161
938,Lydon,Sture,lstureq1@goo.ne.jp,Male,239.72.11.33
939,Codie,Mulheron,cmulheronq2@dell.com,Male,170.141.226.212
940,Jemimah,O'Farrell,jofarrellq3@uiuc.edu,Female,24.129.194.5
941,Mic,Besson,mbessonq4@walmart.com,Male,198.2.167.140
942,Nichole,McCrystal,nmccrystalq5@google.co.uk,Male,140.24.179.9
943,Say,Crim,scrimq6@geocities.jp,Male,193.62.26.226
944,Olive,Sheirlaw,osheirlawq7@godaddy.com,Female,144.71.230.202
945,Joann,Bashford,jbashfordq8@stumbleupon.com,Female,139.142.33.220
946,Lenee,Whisker,lwhiskerq9@prweb.com,Female,73.174.177.236
947,Janaya,Bagnall,jbagnallqa@comcast.net,Female,4.52.221.84
948,Nickolai,Poulglais,npoulglaisqb@umich.edu,Male,205.13.51.232
949,Reyna,Geekie,rgeekieqc@pbs.org,Female,135.26.47.156
950,Pasquale,Pilkington,ppilkingtonqd@yellowbook.com,Male,157.181.237.29
951,Raven,Gribbin,rgribbinqe@slideshare.net,Female,62.14.107.59
952,Janifer,Bythway,jbythwayqf@senate.gov,Female,14.13.42.116
953,Lacy,Skirvane,lskirvaneqg@cnn.com,Female,143.130.234.97
954,Jessi,Sire,jsireqh@thetimes.co.uk,Female,117.109.123.53
955,Abby,Le Page,alepageqi@stanford.edu,Female,114.210.251.197
956,Lacie,Studholme,lstudholmeqj@utexas.edu,Female,198.243.118.215
957,Karola,Puddan,kpuddanqk@tumblr.com,Female,69.110.133.17
958,Helena,Vasey,hvaseyql@ca.gov,Female,134.91.191.108
959,Alvera,Bimson,abimsonqm@zdnet.com,Female,120.69.225.53
960,Jaquelyn,Pearmine,jpearmineqn@phoca.cz,Female,87.46.88.4
961,Flor,Ferris,fferrisqo@oakley.com,Female,225.130.198.130
962,Bertram,Axtens,baxtensqp@instagram.com,Male,47.149.241.21
963,Lesley,Mothersdale,lmothersdaleqq@blog.com,Male,245.159.120.99
964,Corene,Turfitt,cturfittqr@edublogs.org,Female,17.82.206.249
965,Booth,Slay,bslayqs@hhs.gov,Male,67.93.3.113
966,Rhett,Hamer,rhamerqt@mozilla.org,Male,18.9.134.255
967,Joelly,Staniland,jstanilandqu@bbb.org,Female,207.147.29.1
968,Padraic,Loyndon,ployndonqv@jiathis.com,Male,127.99.190.39
969,Carie,Turney,cturneyqw@php.net,Female,118.45.135.25
970,Ichabod,McNickle,imcnickleqx@nih.gov,Male,108.195.107.235
971,Cheri,Brisson,cbrissonqy@accuweather.com,Female,112.30.61.99
972,Eduardo,Meins,emeinsqz@oaic.gov.au,Male,57.68.136.123
973,Eileen,Arnhold,earnholdr0@usgs.gov,Female,96.99.143.105
974,Martica,Bradnam,mbradnamr1@storify.com,Female,158.38.113.237
975,Davida,Shawl,dshawlr2@foxnews.com,Female,0.207.211.18
976,Mal,Fontelles,mfontellesr3@uiuc.edu,Male,253.235.163.227
977,Ellynn,Atlee,eatleer4@wp.com,Female,170.198.85.154
978,Sissy,Skyrm,sskyrmr5@skype.com,Female,46.200.177.1
979,Percival,Craney,pcraneyr6@php.net,Male,106.126.100.66
980,Jaime,Stert,jstertr7@odnoklassniki.ru,Male,135.156.151.200
981,Jacklin,Wilkison,jwilkisonr8@census.gov,Female,77.201.2.224
982,Jeffry,Kindall,jkindallr9@smugmug.com,Male,215.201.166.166
983,Lulita,Shales,lshalesra@omniture.com,Female,60.53.58.156
984,Melisandra,Ruddick,mruddickrb@nature.com,Female,224.147.210.86
985,Benjamin,Pedwell,bpedwellrc@sitemeter.com,Male,28.148.11.53
986,Solly,Klimowicz,sklimowiczrd@wisc.edu,Male,36.73.60.123
987,Carlin,Tozer,ctozerre@addtoany.com,Female,108.115.163.2
988,Mitchell,Mityushin,mmityushinrf@intel.com,Male,44.165.70.152
989,Charyl,Tissington,ctissingtonrg@ycombinator.com,Female,217.43.187.245
990,Abigale,Diamant,adiamantrh@alexa.com,Female,117.236.206.28
991,Blondie,Perott,bperottri@pen.io,Female,56.49.55.132
992,Vladimir,Burniston,vburnistonrj@lycos.com,Male,65.122.58.56
993,Husain,Filshin,hfilshinrk@mtv.com,Male,42.127.210.65
994,Adriaens,Bachman,abachmanrl@jugem.jp,Female,86.25.0.235
995,Gaynor,Cogan,gcoganrm@weibo.com,Female,227.211.159.202
996,Izzy,Reuven,ireuvenrn@about.com,Male,200.164.225.164
997,Ted,Maasze,tmaaszero@columbia.edu,Female,220.149.43.147
998,Stefan,Challender,schallenderrp@cisco.com,Male,195.212.180.250
999,Herculie,Edworthy,hedworthyrq@i2i.jp,Male,153.82.41.202
1000,Kyle,Brown,kbrown@MDLogistics.com,Male,210.211.39.202
